{
    "weight_swin": 4.175915748256946,
    "weight_df40": 3.054372534689043,
    "weight_z": -0.04792295234266481,
    "bias": -1.8961033289978293,
    "threshold_optimal": 0.7141414141414141,
    "accuracy": 0.83625
}